流通ID,流通名,取引方法,販売種別,備考
H001,配給,RS,劇場_RS,
H002,配給,FLAT,劇場_FLAT,
H003,配給,RS,非劇場_RS,
H004,配給,FLAT,非劇場_FLAT,
H005,配給_物販,RS,配給_物販,
S001,セル,委託,セル_委託,
S002,セル,委託返品,セル_委託返品,
S003,セル,消化納品,セル_消化納品,
S004,セル,消化売上,セル_消化売上,
S005,セル,消化返品,セル_消化返品,
S006,セル,買切,セル_買切,
S007,セル,無償,セル_無償,
R001,レンタル_RSS,LF,レンタル_RSS,
R002,レンタル_RSS,MG,レンタル_RSS,
R003,レンタル,有償,レンタル_有償,
R004,レンタル_RSS,RS,レンタル_RSS,
R005,レンタル,無償,レンタル_無償,
R006,レンタル,返品,レンタル_返品,
D001,配信,MG,配信_MG,
D002,配信,FLAT,配信_FLAT,
D003,配信,RS,EST,
D004,配信,RS,TVOD,
D005,配信,RS,SVOD,
D006,配信,RS,AVOD,
V001,業務用VOD,FLAT,業務用VOD_FLAT,
V002,業務用VOD,RS,業務用VOD_RS,
B001,放送,FLAT,放送_FLAT,
B002,放送,RS,放送_RS,
A001,海外,FLAT,海外_FLAT,
A002,海外,RS,海外_RS,
A003,海外,MG,クロスリクープ_RS,
G001,グッズ,RS,グッズ_RS,
P001,製作委員会収入,幹事,製作委員会収入_幹事分_バンドル,
P002,製作委員会収入,分配,製作委員会収入_分配分_バンドル,
K001,相殺,FLAT,相殺_FLAT,代引き、印紙代、振込手数料、システム使用料
E001,映像、画像使用,FLAT,映像使用_FLAT,
O001,稿料,FLAT,稿料_FLAT,
O002,稿料,RS,稿料_RS,
F001,調整,調整,,
